N,speedup_total,efficiency_total
1000,0.208071,0.208071
2000,5.33695,5.33695
3000,5.13331,5.13331
4000,4.30553,4.30553
5000,4.98399,4.98399
6000,5.1137,5.1137
